ID,Text,Type
1,"A spark today may become a story tomorrow.",Match_Line
2,"Your smile awakens something familiar in their heart.",Match_Line
3,"Attraction grows where curiosity lives.",Match_Line
4,"A simple hello could rewrite your destiny.",Match_Line
5,"Chemistry begins in the eyes, but connection lives in the soul.",Match_Line
6,"Someone is already imagining a life with you.",Match_Line
7,"Your energy is the magnet they didn’t know they needed.",Match_Line
8,"Love often begins with a brave little “Yes.”",Match_Line
9,"They noticed you before you noticed them.",Match_Line
10,"A match is a moment; connection is a choice.",Match_Line
11,"Right place, right swipe, right moment.",Match_Line
12,"Some hearts cross paths exactly when they’re ready.",Match_Line
13,"Fate opens the door; courage walks through it.",Match_Line
14,"A new chapter begins with unexpected timing.",Match_Line
15,"Your heart is aligning with someone else’s rhythm.",Match_Line
16,"Timing may test you, but destiny never rushes.",Match_Line
17,"Today’s match may be tomorrow’s miracle.",Match_Line
18,"Two journeys are headed toward the same destination.",Match_Line
19,"Love appears when you stop searching and start seeing.",Match_Line
20,"You are exactly where love needs you to be.",Match_Line
21,"Speak gently; they’re listening with intention.",Match_Line
22,"A shared laugh is the beginning of understanding.",Match_Line
23,"Words open the door; honesty keeps it open.",Match_Line
24,"Ask the deeper question—they’ll surprise you.",Match_Line
25,"Listen with curiosity, not expectation.",Match_Line
26,"There is magic in being understood.",Match_Line
27,"Your vulnerability will meet their respect.",Match_Line
28,"A truthful message today can change everything.",Match_Line
29,"Connection grows in conversations that feel like home.",Match_Line
30,"Silence reveals what words cannot.",Match_Line
31,"Your heart recognizes someone who feels familiar.",Match_Line
32,"Their softness matches your fire in the best way.",Match_Line
33,"Empathy is your love language today.",Match_Line
34,"Someone feels safe opening up to you.",Match_Line
35,"The right person meets both your strength and your softness.",Match_Line
36,"You deserve the kind of love that calms your storms.",Match_Line
37,"Your emotional truth is your superpower.",Match_Line
38,"You are becoming someone’s peace.",Match_Line
39,"Love deepens when you show who you really are.",Match_Line
40,"Two healed hearts can dream bigger together.",Match_Line
41,"Your future aligns with someone who respects your roots.",Match_Line
42,"Shared values build unshakeable foundations.",Match_Line
43,"Someone with the same long-term rhythm is approaching.",Match_Line
44,"You’re attracting a partner who dreams as big as you do.",Match_Line
45,"Honesty is the language of lifetime love.",Match_Line
46,"You’re ready for the relationship you once only imagined.",Match_Line
47,"The right person values consistency, not perfection.",Match_Line
48,"Someone admires the way you love your family.",Match_Line
49,"Love grows where commitment is mutual.",Match_Line
50,"Your next connection has long-term potential.",Match_Line
51,"Someone sees strength in the scars you try to hide.",Match_Line
52,"Healing has prepared you for a deeper love.",Match_Line
53,"This match may open a door your heart closed too soon.",Match_Line
54,"Your future partner will honor your past, not fear it.",Match_Line
55,"Trust the small signs—love is near.",Match_Line
56,"A gentle soul is coming to soften your edges.",Match_Line
57,"Romantic luck is turning in your favor.",Match_Line
58,"A new connection will restore your faith in love.",Match_Line
59,"You’re not behind; love is simply aligning.",Match_Line
60,"Two hearts will choose each other soon.",Match_Line
61,"Love arrives when you show up as yourself.",Daily_Fortune
62,"Someone is praying for a heart like yours.",Daily_Fortune
63,"What’s meant for you won’t pass you by.",Daily_Fortune
64,"Confidence is your best chemistry today.",Daily_Fortune
65,"A small risk opens a big opportunity.",Daily_Fortune
66,"Your kindness is attracting the right eyes.",Daily_Fortune
67,"Your heart is learning to choose better.",Daily_Fortune
68,"You deserve someone who chooses you daily.",Daily_Fortune
69,"Listen to the quiet pull toward someone new.",Daily_Fortune
70,"Love often begins with the message you almost didn’t send.",Daily_Fortune
71,"Trust the pace—slow love lasts longer.",Daily_Fortune
72,"The right person will never make you feel uncertain.",Daily_Fortune
73,"Your heart has outgrown old stories.",Daily_Fortune
74,"Someone will love the parts you thought were flaws.",Daily_Fortune
75,"Your soulmate is also searching for you.",Daily_Fortune
76,"Take the leap—love rewards bravery.",Daily_Fortune
77,"Emotional maturity looks gorgeous on you.",Daily_Fortune
78,"Love blooms when two healed hearts meet.",Daily_Fortune
79,"The universe is rearranging things in your favor.",Daily_Fortune
80,"You are shifting into alignment with real love.",Daily_Fortune
81,"Healthy love feels like peace, not guessing.",Daily_Fortune
82,"Today is a good day to flirt back.",Daily_Fortune
83,"Your honesty will attract the right soul.",Daily_Fortune
84,"A sweet message may change your week.",Daily_Fortune
85,"You’re closer to love than you think.",Daily_Fortune
86,"Someone is imagining a future with you.",Daily_Fortune
87,"You are worth consistent effort.",Daily_Fortune
88,"Love grows when you let yourself receive.",Daily_Fortune
89,"Keep your heart open—your story isn’t done.",Daily_Fortune
90,"What you seek is seeking you.",Daily_Fortune
91,"A meaningful connection is on its way.",Daily_Fortune
92,"You are someone’s answered prayer.",Daily_Fortune
93,"Trust the timing; your person is preparing too.",Daily_Fortune
94,"Love is easier when you stop forcing and start flowing.",Daily_Fortune
95,"You deserve a partner who speaks your heart’s language.",Daily_Fortune
96,"Someone feels safe with your energy.",Daily_Fortune
97,"Your vulnerability is your blessing, not your weakness.",Daily_Fortune
98,"You’re becoming emotionally irresistible.",Daily_Fortune
99,"Clarity will replace confusion soon.",Daily_Fortune
100,"Love is aligning behind the scenes.",Daily_Fortune
101,"Someone is silently rooting for you.",Daily_Fortune
102,"Your heart is wiser now—trust it.",Daily_Fortune
103,"The right one won’t play guessing games.",Daily_Fortune
104,"A new connection will surprise you in a good way.",Daily_Fortune
105,"Your value has never been up for debate.",Daily_Fortune
106,"Love respects boundaries, not pressure.",Daily_Fortune
107,"Something beautiful starts with a small step today.",Daily_Fortune
108,"You’re growing into someone capable of great love.",Daily_Fortune
109,"Your soulmate will appreciate everything you bring.",Daily_Fortune
110,"Alignment leads to intimacy—stay true.",Daily_Fortune
111,"Someone will feel lucky to love you.",Daily_Fortune
112,"You’re unlocking a new chapter of love.",Daily_Fortune
113,"Your heart is stronger than the storms you survived.",Daily_Fortune
114,"The universe is guiding two hearts toward each other.",Daily_Fortune
115,"You deserve slow mornings and loyal love.",Daily_Fortune
116,"A meaningful conversation is coming your way.",Daily_Fortune
117,"Love today begins with gratitude.",Daily_Fortune
118,"Someone is falling for your energy.",Daily_Fortune
119,"You are closer to your next romance than you realize.",Daily_Fortune
120,"Your heart is ready for something real.",Daily_Fortune
121,"Love grows when you stop overthinking and start feeling.",Daily_Fortune
122,"Someone’s heart beats a little faster for you.",Daily_Fortune
123,"Trust your instincts—they know who feels right.",Daily_Fortune
124,"A gentle soul is on its way into your life.",Daily_Fortune
125,"You were made to be loved deeply.",Daily_Fortune
126,"Today is a good day for emotional honesty.",Daily_Fortune
127,"Your energy will attract the right intentions.",Daily_Fortune
128,"Someone is ready to match your consistency.",Daily_Fortune
129,"Romance blossoms when you stay true to yourself.",Daily_Fortune
130,"You’re entering a season of aligned connections.",Daily_Fortune
131,"A message you receive today may warm your heart.",Daily_Fortune
132,"You are becoming magnetic to the right people.",Daily_Fortune
133,"A new beginning is waiting for your courage.",Daily_Fortune
134,"The right heart will never feel complicated.",Daily_Fortune
135,"Someone special is closer than you think.",Daily_Fortune
136,"You deserve a love that feels like home.",Daily_Fortune
137,"Your next “Yes” may change everything.",Daily_Fortune
138,"Someone admires the way you love.",Daily_Fortune
139,"The universe is softening a path just for you.",Daily_Fortune
140,"A beautiful connection is forming behind the scenes.",Daily_Fortune
141,"Your heart is learning to trust again.",Daily_Fortune
142,"You are attracting someone emotionally mature.",Daily_Fortune
143,"Peace is the first sign of true love.",Daily_Fortune
144,"Someone is preparing to appreciate you fully.",Daily_Fortune
145,"Your worth is rising in someone’s eyes.",Daily_Fortune
146,"A little vulnerability brings big rewards.",Daily_Fortune
147,"You deserve love that stays, not love that promises.",Daily_Fortune
148,"Someone is drawn to your quiet strength.",Daily_Fortune
149,"Love today begins with self-acceptance.",Daily_Fortune
150,"A warm conversation is coming your way.",Daily_Fortune
151,"Your heart is expanding for something real.",Daily_Fortune
152,"Someone sees a future when they look at you.",Daily_Fortune
153,"Trust the unseen work love is doing for you.",Daily_Fortune
154,"Your story gets sweeter from here.",Daily_Fortune
155,"The right one will match your effort with ease.",Daily_Fortune
156,"Love grows faster when you slow down.",Daily_Fortune
157,"Someone is praying their path crosses yours.",Daily_Fortune
158,"You deserve the softness you give others.",Daily_Fortune
159,"Love is rewriting itself in your favor.",Daily_Fortune
160,"A tender-hearted connection is approaching.",Daily_Fortune
161,"Your future partner will adore your imperfections.",Daily_Fortune
162,"A heart aligned with yours is near.",Daily_Fortune
163,"Love is ready when you are.",Daily_Fortune
164,"Someone will treasure the peace you bring.",Daily_Fortune
165,"Your confidence opens new doors.",Daily_Fortune
166,"A soulful connection is in your orbit.",Daily_Fortune
167,"This year favors loyal hearts.",Daily_Fortune
168,"Someone is noticing your glow.",Daily_Fortune
169,"You deserve a partner who listens first.",Daily_Fortune
170,"Love begins with emotional clarity.",Daily_Fortune
171,"Someone is thinking about messaging you right now.",Daily_Fortune
172,"You are lovable exactly as you are.",Daily_Fortune
173,"Trust the slow build—real love takes time.",Daily_Fortune
174,"Your next connection will feel refreshingly easy.",Daily_Fortune
175,"A romantic opportunity is on the way.",Daily_Fortune
176,"Your kindness is drawing someone closer.",Daily_Fortune
177,"Love wants to take up space in your life.",Daily_Fortune
178,"Someone’s eyes light up when they see you.",Daily_Fortune
179,"You’re becoming someone’s definition of “ideal.”",Daily_Fortune
180,"A sweet surprise in love is coming soon.",Daily_Fortune
181,"Your heart is stepping into a new season.",Daily_Fortune
182,"Someone will admire your resilience.",Daily_Fortune
183,"Love strengthens when you honor your boundaries.",Daily_Fortune
184,"A meaningful bond is forming quietly.",Daily_Fortune
185,"You deserve a partner who chooses you proudly.",Daily_Fortune
186,"Someone is hoping you’ll take a chance on them.",Daily_Fortune
187,"Your softness is a rare treasure.",Daily_Fortune
188,"Love shows up when you stay open.",Daily_Fortune
189,"Someone is drawn to your authenticity.",Daily_Fortune
190,"Your patience will be rewarded in love.",Daily_Fortune
191,"A new chapter begins with a small hello.",Daily_Fortune
192,"You’re becoming irresistible to aligned souls.",Daily_Fortune
193,"Someone values your emotional presence.",Daily_Fortune
194,"Love blooms where honesty lives.",Daily_Fortune
195,"A romantic shift is happening for you.",Daily_Fortune
196,"You deserve mutual effort and warm affection.",Daily_Fortune
197,"Someone with good intentions is approaching.",Daily_Fortune
198,"Your quiet courage attracts deep love.",Daily_Fortune
199,"A heartfelt connection is closer than you realize.",Daily_Fortune
200,"Love’s timing will make sense soon.",Daily_Fortune
201,"Someone admires your emotional intelligence.",Daily_Fortune
202,"You deserve love that prioritizes you.",Daily_Fortune
203,"Trust the pull you feel toward someone new.",Daily_Fortune
204,"Love flows toward brave hearts.",Daily_Fortune
205,"Someone will see beauty in your soul first.",Daily_Fortune
206,"Your heart is ready for reciprocity.",Daily_Fortune
207,"A tender conversation will come at the perfect time.",Daily_Fortune
208,"Someone is falling for your honesty.",Daily_Fortune
209,"You deserve playful love and deep laughter.",Daily_Fortune
210,"Romance is shifting in your direction.",Daily_Fortune
211,"Your presence inspires connection.",Daily_Fortune
212,"Someone is choosing you in little ways already.",Daily_Fortune
213,"Your heart shines brightest when seen by the right soul.",Daily_Fortune
214,"Love grows through courage and softness.",Daily_Fortune
215,"Someone will love the way you think.",Daily_Fortune
216,"A beautiful bond is forming naturally.",Daily_Fortune
217,"You deserve love that respects your peace.",Daily_Fortune
218,"Someone is ready to meet you halfway.",Daily_Fortune
219,"The right heart will stay, even on tough days.",Daily_Fortune
220,"Love is unfolding exactly as it should.",Daily_Fortune
221,"Someone already feels lucky to know you.",Daily_Fortune
222,"You deserve the same love you give.",Daily_Fortune
223,"A warm connection will surprise you soon.",Daily_Fortune
224,"Love becomes easy when intentions align.",Daily_Fortune
225,"Trust the shift—love is on its way.",Daily_Fortune
226,"Someone admires your passion and purpose.",Daily_Fortune
227,"Your future is holding a beautiful romance.",Daily_Fortune
228,"A sweet spark is coming your direction.",Daily_Fortune
229,"You’re attracting genuine affection.",Daily_Fortune
230,"Someone is longing for your presence.",Daily_Fortune
231,"Love grows through emotional transparency.",Daily_Fortune
232,"You deserve the kind of love that lasts.",Daily_Fortune
233,"A new experience in love will expand your heart.",Daily_Fortune
234,"Someone is quietly hoping you’ll notice them.",Daily_Fortune
235,"You’re learning what real connection feels like.",Daily_Fortune
236,"Love arrives when the heart is at peace.",Daily_Fortune
237,"Someone will fall for your gentle charm.",Daily_Fortune
238,"You’re being guided toward true love.",Daily_Fortune
239,"Listen—your heart already knows who feels right.",Daily_Fortune
240,"A new romance may begin with laughter.",Daily_Fortune
241,"Someone treasures your emotional depth.",Daily_Fortune
242,"Love will feel effortless with the right one.",Daily_Fortune
243,"You’re becoming aligned with your soulmate.",Daily_Fortune
244,"Someone is ready to meet your sincerity.",Daily_Fortune
245,"Your story is shifting toward connection.",Daily_Fortune
246,"You deserve affection that stays consistent.",Daily_Fortune
247,"Someone will adore your quiet confidence.",Daily_Fortune
248,"Your heart is calling something beautiful.",Daily_Fortune
249,"Love today begins with gratitude.",Daily_Fortune
250,"Your soulmate will value every detail of you.",Daily_Fortune
251,"Someone is waiting for the perfect moment to reach out.",Daily_Fortune
252,"You are worthy of loyal, peaceful love.",Daily_Fortune
253,"A new match will feel instantly familiar.",Daily_Fortune
254,"Love is preparing a gentle miracle for you.",Daily_Fortune
255,"You’re glowing in ways others can’t ignore.",Daily_Fortune
256,"Someone admires the strength in your softness.",Daily_Fortune
257,"Your story is only getting more romantic.",Daily_Fortune
258,"Love is unfolding in your favor.",Daily_Fortune
259,"Someone will be grateful for the day they met you.",Daily_Fortune
260,"You deserve a love that grows, not fades.",Daily_Fortune
261,"Someone is ready to match your intentions.",Daily_Fortune
262,"Your heart looks good in healing.",Daily_Fortune
263,"A new attraction is forming quietly.",Daily_Fortune
264,"Love becomes real when you feel safe.",Daily_Fortune
265,"Someone’s sincerity will surprise you.",Daily_Fortune
266,"You are worthy of passionate, steady love.",Daily_Fortune
267,"A meaningful romance is headed your way.",Daily_Fortune
268,"Your heart is opening beautifully.",Daily_Fortune
269,"Someone feels inspired by your presence.",Daily_Fortune
270,"Love will find you in a moment of ease.",Daily_Fortune
271,"You deserve honesty wrapped in affection.",Daily_Fortune
272,"Someone is thinking about you more than you know.",Daily_Fortune
273,"Trust the possibility unfolding around you.",Daily_Fortune
274,"A joyful connection is entering your life.",Daily_Fortune
275,"Someone will fall for your vulnerability.",Daily_Fortune
276,"Your matching season is beginning.",Daily_Fortune
277,"Love today starts with emotional clarity.",Daily_Fortune
278,"You deserve affection without confusion.",Daily_Fortune
279,"Someone is hoping you’ll take the next step.",Daily_Fortune
280,"A romantic turning point is ahead.",Daily_Fortune
281,"You are attracting someone deeply compatible.",Daily_Fortune
282,"Love favors the brave—say hello first.",Daily_Fortune
283,"Someone is drawn to your warm energy.",Daily_Fortune
284,"Your heart is stepping into alignment.",Daily_Fortune
285,"Love deepens when trust grows.",Daily_Fortune
286,"Someone feels a spark when they think of you.",Daily_Fortune
287,"A new chapter in love is beginning quietly.",Daily_Fortune
288,"You deserve attention that feels natural.",Daily_Fortune
289,"Someone will cherish your ambition.",Daily_Fortune
290,"Love will meet you in your authenticity.",Daily_Fortune
291,"A sweet surprise is waiting in your inbox soon.",Daily_Fortune
292,"You’re becoming someone’s dream person.",Daily_Fortune
293,"Someone admires how you handle life.",Daily_Fortune
294,"Love grows where patience lives.",Daily_Fortune
295,"Your romantic luck is rising.",Daily_Fortune
296,"Someone sees forever in you.",Daily_Fortune
297,"You deserve the love you envision.",Daily_Fortune
298,"Your heart is blossoming beautifully.",Daily_Fortune
299,"Someone is hoping you won’t overlook them.",Daily_Fortune
300,"Love will make its way to you softly.",Daily_Fortune
301,"You are stepping into a season of connection.",Daily_Fortune
302,"Someone is closer to confessing their feelings.",Daily_Fortune
303,"You deserve affection that’s effortless.",Daily_Fortune
304,"Love is aligning in unexpected ways.",Daily_Fortune
305,"Someone values your emotional presence deeply.",Daily_Fortune
306,"Your heart is attracting genuine souls.",Daily_Fortune
307,"A little courage leads to big love.",Daily_Fortune
308,"Someone is ready to adore you fully.",Daily_Fortune
309,"You deserve a partner who shows up.",Daily_Fortune
310,"Love becomes lighter when you stay true to yourself.",Daily_Fortune
311,"Someone is falling for your spirit.",Daily_Fortune
312,"A meaningful message may come soon.",Daily_Fortune
313,"You are becoming emotionally magnetic.",Daily_Fortune
314,"Someone will match your loyalty naturally.",Daily_Fortune
315,"Love will feel safe and thrilling at the same time.",Daily_Fortune
316,"Someone is hoping to be chosen by you.",Daily_Fortune
317,"Your heart is ready for the next chapter.",Daily_Fortune
318,"Love flows where authenticity lives.",Daily_Fortune
319,"Someone appreciates your emotional depth.",Daily_Fortune
320,"A soulmate-level bond is drawing near.",Daily_Fortune
321,"Your heart is stepping into new possibilities.",Daily_Fortune
322,"Someone admires your courage.",Daily_Fortune
323,"You deserve a love that chooses you fully.",Daily_Fortune
324,"Love is guiding you toward something real.",Daily_Fortune
325,"Someone is watching you with pure intentions.",Daily_Fortune
326,"You’re becoming a magnet for aligned connections.",Daily_Fortune
327,"A joyful romance is forming in your future.",Daily_Fortune
328,"Someone will cherish your gentleness.",Daily_Fortune
329,"Trust your intuition—it sees love early.",Daily_Fortune
330,"Love grows when hearts feel safe.",Daily_Fortune
331,"Someone is wishing for more time with you.",Daily_Fortune
332,"Your energy is irresistible today.",Daily_Fortune
333,"A beautiful connection is unfolding.",Daily_Fortune
334,"You deserve mutual effort and loud appreciation.",Daily_Fortune
335,"Someone is ready to understand you deeply.",Daily_Fortune
336,"Your heart is attracting the right soul.",Daily_Fortune
337,"Love is shifting into a new phase for you.",Daily_Fortune
338,"Someone is dreaming of a life with you.",Daily_Fortune
339,"Your story holds a sweet romance ahead.",Daily_Fortune
340,"Trust that love is working in your favor.",Daily_Fortune
341,"Someone admires how you love others.",Daily_Fortune
342,"You deserve a connection that feels refreshing.",Daily_Fortune
343,"Love is coming with more clarity this time.",Daily_Fortune
344,"Someone feels comfort in your presence.",Daily_Fortune
345,"A sweet surprise is on its way to you.",Daily_Fortune
346,"Your heart shines brighter every day.",Daily_Fortune
347,"Someone is mentally choosing you already.",Daily_Fortune
348,"You deserve stability wrapped in affection.",Daily_Fortune
349,"Love favors your growth this season.",Daily_Fortune
350,"Someone sees long-term potential in you.",Daily_Fortune
351,"A new attraction is beginning soon.",Daily_Fortune
352,"Your heart is aligned with good intentions.",Daily_Fortune
353,"Someone is hoping you’ll give them a chance.",Daily_Fortune
354,"You deserve tenderness and loyalty.",Daily_Fortune
355,"Love is unfolding patiently for you.",Daily_Fortune
356,"Someone is ready to show you their soft side.",Daily_Fortune
357,"Your confidence is becoming magnetic.",Daily_Fortune
358,"Love will meet you when you least expect it.",Daily_Fortune
359,"Someone already cherishes your presence.",Daily_Fortune
360,"You are entering a season of deep connection.",Daily_Fortune
361,"Love grows where truth lives.",Daily_Fortune
362,"Someone feels peace when they think of you.",Daily_Fortune
363,"You deserve a partner who celebrates you.",Daily_Fortune
364,"A meaningful spark is near.",Daily_Fortune
365,"Someone is preparing to open their heart to you.",Daily_Fortune
366,"Your story is becoming more romantic.",Daily_Fortune
367,"You deserve connection that feels nourishing.",Daily_Fortune
368,"Someone sees you as a rare soul.",Daily_Fortune
369,"Love today begins with a small act of courage.",Daily_Fortune
370,"Someone is hoping to cross paths with you again.",Daily_Fortune
371,"You deserve devotion without confusion.",Daily_Fortune
372,"A new match will feel refreshingly genuine.",Daily_Fortune
373,"Someone is drawn to your emotional clarity.",Daily_Fortune
374,"Love is guiding two hearts closer.",Daily_Fortune
375,"You deserve the warmth coming your way.",Daily_Fortune
376,"Someone admires your honesty.",Daily_Fortune
377,"Your heart is blooming with new hope.",Daily_Fortune
378,"Romance is shifting in your favor again.",Daily_Fortune
379,"Someone is wishing for your attention.",Daily_Fortune
380,"Your next romantic chapter will feel lighter.",Daily_Fortune
381,"Someone is grateful your paths crossed.",Daily_Fortune
382,"Love grows when hearts remain open.",Daily_Fortune
383,"You deserve someone who listens deeply.",Daily_Fortune
384,"A soulful connection is approaching.",Daily_Fortune
385,"Someone will be enchanted by your presence.",Daily_Fortune
386,"Your heart is attracting clarity.",Daily_Fortune
387,"Love is preparing a joyful surprise for you.",Daily_Fortune
388,"Someone respects the way you carry yourself.",Daily_Fortune
389,"You deserve affection that feels safe.",Daily_Fortune
390,"A new opportunity in love is forming.",Daily_Fortune
391,"Someone will find your voice comforting.",Daily_Fortune
392,"You are stepping into alignment with real love.",Daily_Fortune
393,"Romance is blooming in your energy field.",Daily_Fortune
394,"Someone is hoping you’ll give them a sign.",Daily_Fortune
395,"You deserve love that meets your intentions.",Daily_Fortune
396,"A deep emotional connection is on the horizon.",Daily_Fortune
397,"Someone is thinking of you warmly today.",Daily_Fortune
398,"Love favors your honesty and courage.",Daily_Fortune
399,"A new bond will feel naturally intimate.",Daily_Fortune
400,"Someone admires your emotional maturity.",Daily_Fortune
401,"You deserve someone who chooses you consistently.",Daily_Fortune
402,"Love is arriving in its perfect timing.",Daily_Fortune
403,"Someone will fall for your laughter.",Daily_Fortune
404,"Your vulnerability is opening new doors.",Daily_Fortune
405,"Someone is preparing to reveal their feelings.",Daily_Fortune
406,"You deserve romance that feels effortless.",Daily_Fortune
407,"Love is aligning two hearts in your favor.",Daily_Fortune
408,"Someone sees you as their safe place.",Daily_Fortune
409,"Your heart is ready to receive real love.",Daily_Fortune
410,"Someone is falling for your spirit, not just your beauty.",Daily_Fortune
411,"You deserve connection without confusion.",Daily_Fortune
412,"A new relationship may begin this season.",Daily_Fortune
413,"Someone cherishes your emotional openness.",Daily_Fortune
414,"Your romantic story is taking a beautiful turn.",Daily_Fortune
415,"Someone will love how deeply you feel.",Daily_Fortune
416,"You deserve unwavering affection.",Daily_Fortune
417,"Love is preparing something gentle for you.",Daily_Fortune
418,"Someone will appreciate your heart’s resilience.",Daily_Fortune
419,"You are stepping into a season of emotional abundance.",Daily_Fortune
420,"Someone is hoping to share their future with you.",Daily_Fortune
421,"You deserve a partner who brings peace into your life.",Daily_Fortune
422,"A meaningful moment will shift your love life soon.",Daily_Fortune
423,"Someone will fall in love with your authenticity.",Daily_Fortune
424,"Love is guiding you to your match.",Daily_Fortune
425,"Your heart’s best days are still ahead.",Daily_Fortune
